method,Method,N,RMSE,MAE,Spearman,Pearson,AUC,runtime_sec
dmp_est_r2,DMP$_2$,1140,0.00727776450645875,0.00309616334393625,0.9960630483219257,0.9996331864962729,0.9999999112907438,0.5657146904850379
dmp_est,DMP,1140,0.00915048503054365,0.0036812182738733,0.9951095996609846,0.9995172546785974,0.9999998965694498,0.0393814980052411
swe_hib_cavity,SWE-HIB cavity,1140,0.010191097610616151,0.004967777752527,0.9940123112160074,0.9993582454764012,0.9999989635332369,0.04449144605314355
dmp_inf,DMP$_{\infty}$,1140,0.01534693095031555,0.0047502847929633,0.9942336872078986,0.9989450908620944,0.9999996728125735,0.5131614675046876
swe_no_cavity,Cavity SWE-NO,1140,0.015917503517097052,0.0062588950285946,0.9916451658954066,0.9988057309723537,0.9999991576367899,0.0464456299669109
swe_cavity,Cavity SWE,1140,0.01713598042426695,0.00967254595899605,0.9912326837471386,0.9985843924436206,0.9999956766818875,0.0996341669815592
swe_no,SWE-NO,1140,0.017931801392827802,0.0069675110635238,0.9906579028419302,0.9984755951059868,0.999998883606895,0.03322838450549165
Naive,NM,1140,0.0192056083825317,0.0074944472931136995,0.9912982826659378,0.9982629715567657,0.9999998647019523,0.030172548489645047
swe,SWE,1140,0.02232308252569055,0.0120772879109816,0.9881225971921708,0.997399812963973,0.9999947573508141,0.0345386289991438
sss,SSS,1140,0.0377396123984865,0.01584438291102595,0.9860681112500744,0.9955248038151563,0.9999842679770972,0.2382761129993014
modified_ALE2,IPL2,1140,0.0729590781389074,0.039880003499988145,0.9610399124704792,0.9776450466452551,0.9993537955460068,0.0134018394965096
modified_ALE,IPL,1140,0.07977852602221065,0.0436246997691935,0.9598349669478806,0.9775163422700524,0.991464504461543,0.0054689869866706
SP1M,SP1M,1140,0.09580364704624614,0.0579389578247866,0.9728255075254508,0.9655507944352408,0.9999427843811386,0.1493454124429263
ALE_heuristic,ALE,1140,0.10401031079205411,0.060536802734942746,0.944226585367028,0.9622992748087015,0.9608444144331882,0.0050983959808945
ALE2,ALE2,1140,0.10797603436198455,0.0631182886317906,0.9358596427657835,0.9487838648124015,0.9686169155213975,0.01141963400004895
SPM,SPM,1140,0.19970683786297372,0.13005628115829884,0.9155482438905138,0.871672118508232,0.9988578901112108,0.14423338399501515
