method_a,Method A,method_b,Method B,N,A_win_fraction,tie_fraction,median_RMSE_improvement,mean_RMSE_improvement,median_relative_improvement,median_runtime_ratio_A_over_B,benchmark,comparison
dmp_est_r2,DMP2,dmp_est,DMP,1140,0.9377192982456141,0.0008771929824561404,0.0009441545430216003,0.0033164858158148606,0.11767314673501453,9.329793504199802,real,dmp2_vs_dmp
modified_ALE,IPL,ALE_heuristic,ALE,1140,0.9692982456140351,0.0008771929824561404,0.0189285726308438,0.024860832061635637,0.2414986353913435,1.0404912264614088,real,ipl_vs_ale
ALE2,ALE2,ALE_heuristic,ALE,1140,0.737719298245614,0.0,0.004395266894145555,-0.007673231628243097,0.07016293244016115,2.0877681138267006,real,ale2_vs_ale
modified_ALE2,IPL2,modified_ALE,IPL,1140,0.7403508771929824,0.0,0.00557463850945055,-0.006407299849728136,0.14839490341988526,2.1731795011658046,real,ipl2_vs_ipl
modified_ALE2,IPL2,ALE2,ALE2,1140,0.9605263157894737,0.0,0.016892223429398445,0.026126763840150603,0.2806373894244122,1.1951505957060593,real,ipl2_vs_ale2
swe_no,SWE-NO,swe,SWE,1140,0.9184210526315789,0.0,0.001991231514455251,0.010000754670897215,0.08752209389867599,1.0134791668573917,real,swe_no_vs_swe
swe_no,SWE-NO,Naive,NM,1140,0.8087719298245614,0.043859649122807015,0.00046815593536984976,0.002341113426731084,0.03924429073518087,1.057605408091573,real,swe_no_vs_nm
swe_no_cavity,Cavity SWE-NO,swe_no,SWE-NO,1140,0.8482456140350877,0.0008771929824561404,0.0005912593412045995,0.0033917962010072307,0.03695492643679754,1.4656252401138512,real,cavity_swe_no_vs_swe_no
swe_cavity,Cavity SWE,swe,SWE,1140,0.7394736842105263,0.0008771929824561404,0.0006914232312583499,0.0033517427168199285,0.0705978507866579,2.9642779282708753,real,cavity_swe_vs_swe
sss,SSS,Naive,NM,1140,0.007894736842105263,0.0,-0.0160982688352717,-0.05493795260269668,-1.063570158486625,9.070183405965741,real,sss_vs_nm
dmp_est_r2,DMP2,dmp_est,DMP,2700,0.7285185185185186,0.0,7.263586739349897e-06,0.0019207844539283325,0.0039833703741122125,2.632649680534983,synthetic,dmp2_vs_dmp
modified_ALE,IPL,ALE_heuristic,ALE,2700,0.9603703703703703,0.0,0.022923133383766794,0.028861940301337066,0.24163564840335394,1.0692583880583264,synthetic,ipl_vs_ale
swe_no,SWE-NO,swe,SWE,2700,0.9311111111111111,0.0,0.0016233878684468017,0.0045547883775245235,0.1740422922099505,1.174882087762094,synthetic,swe_no_vs_swe
swe_no,SWE-NO,Naive,NM,2700,0.9455555555555556,0.011111111111111112,0.0020883776104002496,0.008451798429806803,0.23588270755023516,1.1436696165311335,synthetic,swe_no_vs_nm
swe_no_cavity,Cavity SWE-NO,swe_no,SWE-NO,2700,0.6933333333333334,0.0,0.0001880428523112999,0.002669147173087358,0.03892131020663252,1.5789289037610064,synthetic,cavity_swe_no_vs_swe_no
swe_cavity,Cavity SWE,swe,SWE,2700,0.5881481481481482,0.0,0.00027497143855980007,-0.0028491426481827764,0.1311930922827091,4.183741438830422,synthetic,cavity_swe_vs_swe
sss,SSS,Naive,NM,2700,0.0,0.0,-0.029009079301917103,-0.0710313618248043,-2.1898485412646194,4.780864028095247,synthetic,sss_vs_nm
