method,Method,settings,RMSE,MAE,Spearman,runtime_sec
dmp_est_r2,DMP2,228,0.0071503343899945,0.0030682751350912,0.9960630483219257,0.5652470954810269
dmp_est,DMP,228,0.00889662604238695,0.003635326853575,0.9950855435667786,0.039164713467471246
swe_hib_cavity,SWE-HIB-C,228,0.0100678393791858,0.0050272670914562004,0.9939216316860964,0.0446158125996589
dmp_inf,DMP-inf,228,0.0156612125598625,0.00472448110693325,0.9942808795336378,0.5153144535142928
swe_no_cavity,Cavity SWE-NO,228,0.01596581937193035,0.00615057475793345,0.9915611244761009,0.0459399870014749
swe_cavity,Cavity SWE,228,0.01707392501182265,0.0096203718361745,0.9909455800171749,0.0987941034836694
swe_no,SWE-NO,228,0.0180630433526268,0.00695620136373065,0.9904393149703259,0.0330730935093015
Naive,NM,228,0.01967324433167005,0.0076008837089225,0.9910397599536818,0.029325629468075848
swe,SWE,228,0.02242250676478685,0.01210465045073325,0.9880539273346388,0.034027676563709905
sss,SSS,228,0.0377161640767397,0.0163149141931955,0.985930008544974,0.2466364055289887
modified_ALE2,IPL2,228,0.07362425341563544,0.04000805615351185,0.9620749753563138,0.013132922496879449
modified_ALE,IPL,228,0.08012139392826689,0.043784566397323504,0.9599465446275162,0.00542416702955955
SP1M,SP1M,228,0.0953623145267408,0.0574125201881666,0.9720567023682574,0.14638431504135951
ALE_heuristic,ALE,228,0.103589890127325,0.06009052805367425,0.9453455671466624,0.0050871519488282
ALE2,ALE2,228,0.10710595510474175,0.06291596936063935,0.9358596427657835,0.01141385699156665
SPM,SPM,228,0.19849664543454945,0.12948574519386813,0.914459394204411,0.14145457051927224
