requested_seed_fraction,target_secondary_activation,N,A_win_fraction,median_RMSE_improvement,mean_RMSE_improvement,median_relative_improvement,median_runtime_ratio_A_over_B
0.01,0.1,105,0.0,-0.05681843575151689,-0.10359999193561285,-4.068669657927111,7.657626926325469
0.01,0.35,90,0.0,-0.10442143870421161,-0.12094268827095753,-1.6234562031553028,8.99302217503297
0.01,0.6,90,0.03333333333333333,-0.029125654502065307,-0.06031696480851302,-1.0024202987814488,7.932934973234447
0.05,0.1,105,0.01904761904761905,-0.0047442637843392,-0.013081287387167016,-0.9955985970795125,7.671929462132148
0.05,0.35,90,0.0,-0.0780691546834245,-0.09872667575799458,-1.876499453526687,11.315751568425998
0.05,0.6,90,0.0,-0.03679372741430285,-0.06440345479889108,-1.045175043877273,9.535046029075605
0.1,0.1,105,0.009523809523809525,-0.0014943381382503005,-0.002257957344680797,-0.45254497924335796,4.981188271151767
0.1,0.35,90,0.0,-0.04842932949705005,-0.06900667868426115,-1.6376914540416216,14.824630693134193
0.1,0.6,90,0.0,-0.04318998391557495,-0.06369851432954644,-1.1875316834289082,11.443375523577583
0.2,0.1,105,0.01904761904761905,-0.00014793878255820033,-0.0004106689267915295,-0.0666585938490761,3.5045503459859906
0.2,0.35,90,0.011111111111111112,-0.016224083986732002,-0.025254232126424365,-1.118448361588182,17.819700644802502
0.2,0.6,90,0.0,-0.04211366218970465,-0.054289967664275504,-1.47488800819088,12.866231920010318
