dataset,method,Method,N,RMSE,MAE,Spearman,runtime_sec
CondMat,dmp_est_r2,DMP2,180,0.0128846892036692,0.00561116884957265,0.9984835175704068,0.34183431044220924
CondMat,swe_hib_cavity,SWE-HIB-C,180,0.016664260560414652,0.007359356182209649,0.9978240621620038,0.0197802765178494
CondMat,dmp_est,DMP,180,0.0168255583365794,0.00739835655194425,0.9979706445642758,0.0222626075264997
CondMat,swe_cavity,Cavity SWE,180,0.017596982940581103,0.0124007929899586,0.9971389469486585,0.03905115852830925
CondMat,swe_no_cavity,Cavity SWE-NO,180,0.01783595323429175,0.0103589005298649,0.9960361127089727,0.02375930047128345
CondMat,swe_no,SWE-NO,180,0.02119480719080445,0.011360684052425948,0.9932308481562123,0.0149365425459109
CondMat,swe,SWE,180,0.02298750197355045,0.01356220116055775,0.9928126947056888,0.014571751002222251
CondMat,Naive,NM,180,0.02583802493526225,0.01364581533123055,0.9936882416388002,0.0146486620069481
CondMat,dmp_inf,DMP-inf,180,0.04132892031157105,0.015423861736646251,0.9942105937634267,0.34241380798630416
CondMat,sss,SSS,180,0.0624919401814821,0.03748553276157915,0.9875466001438649,0.1892170329811051
CondMat,modified_ALE2,IPL2,180,0.0812591714322267,0.055793687177725745,0.9667493888137,0.00627704901125975
CondMat,modified_ALE,IPL,180,0.11672735649004246,0.07742116829122606,0.9525237341068937,0.0028071749838999996
CondMat,ALE2,ALE2,180,0.1264306840746674,0.0865544971666648,0.9553510884841433,0.00490989999525475
CondMat,SP1M,SP1M,180,0.1405691038084857,0.09983788838303735,0.9621477946240278,0.0935721215209923
CondMat,ALE_heuristic,ALE,180,0.14702153206739976,0.1047207456881162,0.9257753373980186,0.00264595396583895
CondMat,SPM,SPM,180,0.26398603884925786,0.2035436848117706,0.8784526763587487,0.08995422703446815
Enron,dmp_est_r2,DMP2,180,0.008955285901440051,0.0041194049952040495,0.9909567927689233,1.4543303510290573
Enron,swe_hib_cavity,SWE-HIB-C,180,0.0117058773663553,0.0047394177295684,0.992794936632322,0.05146361346123735
Enron,dmp_est,DMP,180,0.012320777125056349,0.004945563910804401,0.991213370590065,0.04678573901765045
Enron,swe_cavity,Cavity SWE,180,0.0127778642666728,0.0078375646841449,0.9857449946920538,0.1213609490077942
Enron,swe_no_cavity,Cavity SWE-NO,180,0.01622545929217005,0.0091770221190501,0.9874170572736881,0.05650863004848355
Enron,swe,SWE,180,0.02369227070678475,0.01279121195738595,0.9798195012064093,0.02883592894067985
Enron,swe_no,SWE-NO,180,0.02389795097978815,0.0112799787096693,0.9834687906800791,0.030150384001899448
Enron,Naive,NM,180,0.02570943661830365,0.0120570919641909,0.9837786028616404,0.0274739195010624
Enron,dmp_inf,DMP-inf,180,0.02967968975905435,0.009527566640231001,0.9880365179041876,0.7680294350720942
Enron,sss,SSS,180,0.057868584586799804,0.0300178725736292,0.9650079427641929,0.42724826699122787
Enron,modified_ALE2,IPL2,180,0.0880752293355564,0.06298578153200075,0.918109099686494,0.0159277239981747
Enron,SP1M,SP1M,180,0.088716692350249,0.0632989179952691,0.9560712926404995,0.16685107600642365
Enron,modified_ALE,IPL,180,0.09069954870341829,0.05993952188714215,0.9316352852770179,0.00565054395701735
Enron,ALE_heuristic,ALE,180,0.12547266652843125,0.08305314805320654,0.9038184469750155,0.005222189996857149
Enron,ALE2,ALE2,180,0.13240134317594685,0.09135904681524315,0.8943304881697602,0.01301927449821955
Enron,SPM,SPM,180,0.2326087661451699,0.1645105314718836,0.8455272465647836,0.1618594654719345
Epinions,dmp_est_r2,DMP2,180,0.0061638801022628,0.0019648117368935,0.9952853498295728,1.0302254379494116
Epinions,dmp_est,DMP,180,0.00806247714005675,0.0021427467077274,0.9945791543449456,0.1002012484823353
Epinions,swe_hib_cavity,SWE-HIB-C,180,0.010123724625239899,0.0038092999760283,0.9927881822400946,0.1230482254759408
Epinions,dmp_inf,DMP-inf,180,0.0123061302198829,0.00288663731068855,0.9942706002143031,1.6025310374679975
Epinions,swe_no_cavity,Cavity SWE-NO,180,0.0184994873412618,0.0059612102033338,0.982925470098394,0.10500527702970425
Epinions,swe_no,SWE-NO,180,0.0203702802889915,0.0071209311259224,0.9810277704258494,0.05044949002331115
Epinions,Naive,NM,180,0.020544982770937352,0.007120931132792449,0.9861074032408357,0.049230770498979795
Epinions,swe_cavity,Cavity SWE,180,0.0242746223526479,0.01275709295025455,0.9855117369083195,0.3708426799857989
Epinions,swe,SWE,180,0.02676003958286325,0.01259743661469035,0.9786883346560831,0.052708083007019
Epinions,sss,SSS,180,0.0425437796783697,0.013011484416157251,0.9767121713138698,0.6850600754842162
Epinions,modified_ALE,IPL,180,0.06765131545917255,0.03201683678269375,0.9597472118975483,0.01023222948424515
Epinions,modified_ALE2,IPL2,180,0.0682018983213032,0.03060645239925695,0.9559591871867577,0.0259023894941492
Epinions,ALE2,ALE2,180,0.06954507564701345,0.032325916138038646,0.9405559774113885,0.02465872299944745
Epinions,ALE_heuristic,ALE,180,0.07635067324012901,0.03286602964177545,0.9470995534757136,0.009969964041374551
Epinions,SP1M,SP1M,180,0.09006064600238994,0.056246201463454354,0.9784587795265458,0.24904925248119975
Epinions,SPM,SPM,180,0.18077594134475156,0.10103801918556525,0.9455733604575678,0.2410372734884731
NetHept,dmp_est_r2,DMP2,180,0.025644865376495,0.009119012419911851,0.9945846066717082,0.06015495752217245
NetHept,swe_hib_cavity,SWE-HIB-C,180,0.0327861550259047,0.012239182851365049,0.9934942945376537,0.0062980584916658006
NetHept,dmp_est,DMP,180,0.034723061934226446,0.01189837199475045,0.9938810750048009,0.00628951156977555
NetHept,swe_cavity,Cavity SWE,180,0.03862534780946525,0.01926748600501465,0.9899057279463741,0.011498881503939549
NetHept,swe_no_cavity,Cavity SWE-NO,180,0.0447091114753788,0.018299213803682497,0.9889347069170238,0.0077904800418764
NetHept,swe_no,SWE-NO,180,0.04891213959714555,0.023020099394092698,0.9826395141738279,0.005224256485234851
NetHept,swe,SWE,180,0.05299310942767385,0.0235240110932452,0.982185292114783,0.004813077510334499
NetHept,Naive,NM,180,0.059398973314993095,0.02107314545081885,0.9862235134545412,0.004462365002837
NetHept,dmp_inf,DMP-inf,180,0.06674042274470729,0.0170804386320155,0.9837025979534285,0.11134762951405716
NetHept,sss,SSS,180,0.09987019312388601,0.05932765882469565,0.968258073104323,0.07067639048909766
NetHept,modified_ALE2,IPL2,180,0.10144478106405785,0.04978883738965505,0.9625356065891839,0.0021595279995381
NetHept,SP1M,SP1M,180,0.1034437547660732,0.05852564699448605,0.9763638742417826,0.0391753654694184
NetHept,modified_ALE,IPL,180,0.1185643126834816,0.052905785388852794,0.9557283595990171,0.0011961029958911002
NetHept,ALE_heuristic,ALE,180,0.1271564508795015,0.0641723845286882,0.9239314382195385,0.0009737524669617
NetHept,ALE2,ALE2,180,0.1424156554221778,0.06378127819026494,0.9370595313256451,0.0020018619998154004
NetHept,SPM,SPM,180,0.2193817171590725,0.14693015194128756,0.9417787646103332,0.038115405943244654
Slashdot,dmp_est_r2,DMP2,180,0.0043658546873168,0.0028985223476803,0.9916397616693102,1.8080098319915123
Slashdot,dmp_est,DMP,180,0.0045459453990240005,0.0029716346425910003,0.9919422369874247,0.20488828897941855
Slashdot,swe_hib_cavity,SWE-HIB-C,180,0.0049983347744562995,0.0032882170790888,0.9917041250250649,0.36255288450047374
Slashdot,dmp_inf,DMP-inf,180,0.0068361996394514495,0.0030670152504668003,0.9919394324011714,2.403760493500158
Slashdot,swe_no_cavity,Cavity SWE-NO,180,0.009715271298226549,0.0061714101991225,0.979271244342149,0.2393045900389552
Slashdot,swe_no,SWE-NO,180,0.011460473372914,0.0063358661096364,0.9792711989233198,0.0802322145318612
Slashdot,Naive,NM,180,0.01211058597517255,0.006365729192090049,0.9792711896339522,0.08312917291186744
Slashdot,swe_cavity,Cavity SWE,180,0.012463781026092899,0.00932079269462075,0.9778674677721733,0.708653662528377
Slashdot,swe,SWE,180,0.015577702599915151,0.010369698332505551,0.9765576371778679,0.08918093948159365
Slashdot,sss,SSS,180,0.02274675419610815,0.012678395543382251,0.9776855111870978,0.809088799462188
Slashdot,modified_ALE2,IPL2,180,0.054422236714189,0.039385461755039,0.8645119071901946,0.04590167600690615
Slashdot,modified_ALE,IPL,180,0.06357385503961546,0.046812902801981054,0.9264171028029797,0.013910487992688951
Slashdot,SP1M,SP1M,180,0.08503284656546306,0.0625174871192712,0.9598537800926108,0.41453681350685656
Slashdot,ALE2,ALE2,180,0.09417421196528256,0.06350634037975661,0.8738148779102428,0.0373113869936787
Slashdot,ALE_heuristic,ALE,180,0.09921468052526965,0.0673033370593212,0.9149779391864178,0.0130248690256848
Slashdot,SPM,SPM,180,0.21993095687690456,0.15329067971141355,0.8745094912103162,0.39850586350075895
WikiVote,dmp_est_r2,DMP2,60,0.00146764449735695,0.0006329036290086,0.9999726880187385,0.07699082000181075
WikiVote,dmp_est,DMP,60,0.00147997412031535,0.0006351616236163,0.9999715295297222,0.013169058016501301
WikiVote,swe_hib_cavity,SWE-HIB-C,60,0.0015307090602687,0.0006453680923114,0.9999657093407148,0.0156848244951106
WikiVote,swe_no,SWE-NO,60,0.0015954910344782,0.00067684958433845,0.9999245205170857,0.01168890448752785
WikiVote,swe_no_cavity,Cavity SWE-NO,60,0.0015977424273661,0.0006764380474981999,0.9999242900087362,0.0154688280308619
WikiVote,Naive,NM,60,0.00164234331000075,0.0007038614607359,0.9999672050766284,0.0109556929673999
WikiVote,dmp_inf,DMP-inf,60,0.0018979310881793,0.00081504732730155,0.9999704408088024,0.0574774279957637
WikiVote,sss,SSS,60,0.0025541298060648,0.0011009061033582998,0.9999240966640581,0.030539251980371752
WikiVote,swe,SWE,60,0.00277778497711005,0.0009429439578915,0.9998092838089374,0.02095407299930225
WikiVote,swe_cavity,Cavity SWE,60,0.002856819722887,0.0008978493894441499,0.9998124646115754,0.041699379042256554
WikiVote,modified_ALE2,IPL2,60,0.0147914345904818,0.0065798932709808505,0.999466130866267,0.0028760404984495497
WikiVote,modified_ALE,IPL,60,0.02368442452150975,0.009332087666937501,0.9988747905205194,0.00144831958459685
WikiVote,ALE2,ALE2,60,0.028100501866913097,0.010761017678382799,0.9987780626193932,0.00227417150017565
WikiVote,ALE_heuristic,ALE,60,0.03574801257225965,0.013994470387329951,0.9985943973060428,0.00140650256071235
WikiVote,SP1M,SP1M,60,0.0796418077442787,0.0384695552643491,0.9977513805165481,0.02220111101632935
WikiVote,SPM,SPM,60,0.12256744789342255,0.06304690474005145,0.9924140634605159,0.0210202605230733
citHepTh,dmp_est_r2,DMP2,180,0.010459306648707499,0.002688993884171,0.9984676083026622,0.0788836454739794
citHepTh,dmp_est,DMP,180,0.0106516632788432,0.0027207490562236496,0.998448268191232,0.03568598802667105
citHepTh,swe_no_cavity,Cavity SWE-NO,180,0.0110814612884168,0.0030962956569748,0.9970211757176519,0.04561197903240095
citHepTh,swe_no,SWE-NO,180,0.0113372420411029,0.0030768997769716,0.9969325176626032,0.03973385854624205
citHepTh,Naive,NM,180,0.011772071158546251,0.0030538833571715,0.9981449441845833,0.03684908250579605
citHepTh,dmp_inf,DMP-inf,180,0.01246010237356,0.0031289987352595998,0.9982496003784205,0.2116148665081709
citHepTh,swe_hib_cavity,SWE-HIB-C,180,0.01260660161491695,0.0047371128001978,0.9965610542057902,0.046611906494945246
citHepTh,sss,SSS,180,0.0157882112885792,0.00364820899693315,0.9965246987731118,0.23895048949634656
citHepTh,swe_cavity,Cavity SWE,180,0.020777460699844902,0.0085299711495988,0.9937368299761814,0.10418886801926415
citHepTh,swe,SWE,180,0.020911729883043552,0.00858946302314105,0.9936672983725778,0.052858062030281844
citHepTh,modified_ALE2,IPL2,180,0.07121716652513,0.0358890279813305,0.9776479875751007,0.01481653150403865
citHepTh,modified_ALE,IPL,180,0.08223978712987084,0.03544258242817455,0.9774456322970475,0.00666109903249885
citHepTh,SP1M,SP1M,180,0.09654295528602311,0.050486326569856105,0.9770718275745667,0.14181769546121353
citHepTh,ALE_heuristic,ALE,180,0.10435653264107506,0.047296060222932396,0.9576675856032832,0.0051928839529864
citHepTh,ALE2,ALE2,180,0.1150479476658024,0.06306258805549075,0.9519641630570834,0.011920371514861399
citHepTh,SPM,SPM,180,0.18974540062968176,0.11258214192369995,0.9311807727771548,0.13612269150326023
