method,Method,N,RMSE,RMSE_mean,MAE,Spearman,Pearson,AUC,runtime_sec
dmp_est_r2,DMP2,2700,0.00207781162978545,0.008229195230381719,0.001577234566726,0.9993122279923108,0.9999209673245698,1.0,0.032008235983084804
dmp_est,DMP,2700,0.0021090259200511503,0.01014997968431005,0.0016054386586286,0.9992284898854626,0.9999144761571312,1.0,0.009151209029369
dmp_inf,DMP-inf,2700,0.0023084050290064,0.027563175711736977,0.00175389137569925,0.9992449298293353,0.9999091637776096,1.0,0.08247873795335176
swe_no_cavity,Cavity SWE-NO,2700,0.0054784386495698,0.014052406215482975,0.00385006255316435,0.9973834174010835,0.9995158544971505,1.0,0.00784906849730755
swe_hib_cavity,SWE-HIB-C,2700,0.00587616281053145,0.017833974079389598,0.00492745238930695,0.9987121336343362,0.9998433369081285,1.0,0.01087776903295885
swe_no,SWE-NO,2700,0.00596268853550025,0.016721553388570336,0.00441643236184575,0.9965232367991096,0.9994396985343637,1.0,0.0047700704890303
swe,SWE,2700,0.00848929674977795,0.02127634176609486,0.0063153814061132005,0.9949330953926052,0.9990436671599678,1.0,0.0039528654888272
Naive,NM,2700,0.008849953776431899,0.025173351818377137,0.0064686505008274,0.9948438465850258,0.999134761960898,1.0,0.00391660199966275
swe_cavity,Cavity SWE,2700,0.010884510613842949,0.024125484414277636,0.0088599039516815,0.9981291424683221,0.9997113795679409,1.0,0.0222679570433683
additive_swe_cavity,Cavity SWE-add,2696,0.0190849137071885,0.03741117580413231,0.012415835706628301,0.9927692805329614,0.9969340933949986,0.9999452631578948,0.0087722125172149
additive_swe,SWE-add,2698,0.0230370263684561,0.0435330294963981,0.01600580664402075,0.9829050020140505,0.993002614499765,0.9998888888888888,0.0012264984834473
sss,SSS,2700,0.0407934498851992,0.09620471364318144,0.037153803260492654,0.9908481617750147,0.9979704321018699,1.0,0.0233078459859825
modified_ALE,IPL,2700,0.06803879859237369,0.08397640376752782,0.053532134856645555,0.9580146999876631,0.9649672236280005,0.9996666666666668,0.0009482369932811
ALE_heuristic,ALE,2700,0.0988914323500467,0.1128383440688649,0.0742057089295054,0.9451508880441534,0.9344085206070907,0.9938848684210526,0.0008015805506147
SP1M,SP1M,2700,0.14190464456053542,0.175596152611614,0.12100183740560175,0.9300082855755412,0.9866507732511344,1.0,0.020435927988728453
SPM,SPM,2700,0.22446237236172545,0.23554604291352,0.2014267938540045,0.8491692322449635,0.9775021769369916,1.0,0.0198163329623639
