edge_model,method,Method,N,RMSE,MAE,Spearman,runtime_sec
constant,dmp_est_r2,DMP2,900,0.00200259373627985,0.0015128262446725,0.9997116112301524,0.029328207951039048
constant,dmp_est,DMP,900,0.0020396087222216,0.0015488047264681,0.9996945491814822,0.008369613467948449
constant,dmp_inf,DMP-inf,900,0.0020813956507324,0.0016003356516902,0.9996910130996157,0.0813243269803933
constant,swe_no,SWE-NO,900,0.00410778196662475,0.0029674967924305,0.9994168530276292,0.0045033399946987004
constant,swe_no_cavity,Cavity SWE-NO,900,0.0041541824303232,0.0029849432337605997,0.9994478421782578,0.0069420584768522
constant,swe_hib_cavity,SWE-HIB-C,900,0.0044094536186658,0.0036626657476968,0.9996155007801113,0.01071166800102215
constant,swe,SWE,900,0.0055400108370374,0.004024487648745,0.9993568958106283,0.00368236697977405
constant,Naive,NM,900,0.00618290792340415,0.00458976679983495,0.9993849364987955,0.00377256900537755
constant,swe_cavity,Cavity SWE,900,0.0071901589026587,0.00614441789779135,0.9995025141626774,0.022240079997573
constant,additive_swe_cavity,Cavity SWE-add,896,0.019447769917430052,0.0131226078762047,0.9972462709056111,0.00789657252607865
constant,additive_swe,SWE-add,898,0.0252305890979535,0.01861658252024455,0.9939432640738374,0.0009681229712441
constant,sss,SSS,900,0.02690841062500165,0.02267922419369405,0.998219409379011,0.01628789800452065
constant,modified_ALE,IPL,900,0.0773295196800724,0.0598218562408275,0.9523322392313853,0.0007762269815429501
constant,ALE_heuristic,ALE,900,0.10262308648217991,0.0754225668100585,0.9318872790237773,0.0007403295021504
constant,SP1M,SP1M,900,0.1294765422334737,0.1089401160767494,0.9371703344498625,0.020390394027344848
constant,SPM,SPM,900,0.2236264366995666,0.19987511653966583,0.8171988445857108,0.019762338488362653
heterogeneous_dirichlet,dmp_est_r2,DMP2,900,0.0021797683515467,0.0016528105606336,0.9989224311666932,0.03381216703564855
heterogeneous_dirichlet,dmp_est,DMP,900,0.00233781643980445,0.00169069685870525,0.9988023974163146,0.009459200024139101
heterogeneous_dirichlet,dmp_inf,DMP-inf,900,0.0028567900264273,0.00197869245035825,0.9988625052018363,0.08315818343544375
heterogeneous_dirichlet,swe_no_cavity,Cavity SWE-NO,900,0.0101873916342798,0.006983515875443699,0.978523011681349,0.008318867534399
heterogeneous_dirichlet,swe_hib_cavity,SWE-HIB-C,900,0.01183325171832145,0.00953530038717895,0.9953086792387874,0.012846197001636
heterogeneous_dirichlet,swe_no,SWE-NO,900,0.012596060344999101,0.0085668205539983,0.96894066782545,0.0051443180127534495
heterogeneous_dirichlet,Naive,NM,900,0.0169452190999611,0.01138714661529025,0.9677637054590043,0.0047505415277554995
heterogeneous_dirichlet,swe_cavity,Cavity SWE,900,0.017905906455576298,0.0152347011162787,0.9890792394727191,0.0224084865185432
heterogeneous_dirichlet,swe,SWE,900,0.0186229822357002,0.01306204063940105,0.9631441256905622,0.004501544550294
heterogeneous_dirichlet,additive_swe_cavity,Cavity SWE-add,900,0.0240944699544526,0.01407413029264325,0.9862970634856223,0.010061464476166251
heterogeneous_dirichlet,additive_swe,SWE-add,900,0.0247847057187637,0.0172576691451213,0.9536171558343338,0.0014180950238369
heterogeneous_dirichlet,sss,SSS,900,0.05282362877852015,0.0463777936531074,0.9570679968252152,0.03561469347914675
heterogeneous_dirichlet,modified_ALE,IPL,900,0.07025873971451621,0.0544105874111843,0.9341672706670148,0.0010044745285995
heterogeneous_dirichlet,ALE_heuristic,ALE,900,0.11240055442228294,0.08105954729431195,0.9128523354496235,0.0009064244804903501
heterogeneous_dirichlet,SP1M,SP1M,900,0.16984650626137554,0.1375523630441829,0.9133297662898241,0.02053507347591215
heterogeneous_dirichlet,SPM,SPM,900,0.24442081112561215,0.20645844817059666,0.807094353898175,0.0199474199907854
weighted_cascade,dmp_est_r2,DMP2,900,0.00212087044720105,0.00161006327758685,0.9980027488508039,0.032384078484028495
weighted_cascade,dmp_est,DMP,900,0.0021472496289398502,0.0016368173315523,0.9978207075566266,0.0092446090129669
weighted_cascade,dmp_inf,DMP-inf,900,0.0024364697497043,0.0018772954987731501,0.9977942615874356,0.08276104394462891
weighted_cascade,swe_no,SWE-NO,900,0.0040810342512767,0.0030080566687889,0.9926736986406305,0.00504471402382475
weighted_cascade,swe_no_cavity,Cavity SWE-NO,900,0.0041733870294275,0.0030441721704719503,0.99314385814688,0.00753088548663065
weighted_cascade,swe_hib_cavity,SWE-HIB-C,900,0.00561381487581445,0.004665373047474801,0.9970287988964153,0.009986802528146599
weighted_cascade,Naive,NM,900,0.0063559571017688,0.0050433250500608005,0.9919960830860091,0.0039579889853484
weighted_cascade,swe,SWE,900,0.00741528674465085,0.005452976686998651,0.9909915713182684,0.0035233730159234004
weighted_cascade,swe_cavity,Cavity SWE,900,0.007876234607119299,0.0066779064910535,0.994650977246821,0.02182621299289165
weighted_cascade,additive_swe_cavity,Cavity SWE-add,900,0.01443753044161495,0.00984033117855185,0.9907133577880531,0.00906302797375245
weighted_cascade,additive_swe,SWE-add,900,0.015812652146356652,0.0120495343809261,0.9817521160090906,0.0011942780402023
weighted_cascade,sss,SSS,900,0.043788978523602654,0.04111850803771715,0.9904018672840049,0.019671521033160347
weighted_cascade,modified_ALE,IPL,900,0.0604698507633739,0.04605441378234095,0.9774268544489151,0.0009506744681856999
weighted_cascade,ALE_heuristic,ALE,900,0.08592470312676945,0.06984463844270986,0.9744739905827675,0.0008629705407656
weighted_cascade,SP1M,SP1M,900,0.1387912465233847,0.12310518258914385,0.9502780060190663,0.0203918939223513
weighted_cascade,SPM,SPM,900,0.2163717990802007,0.19546775030317565,0.9270698453179296,0.01980421197367825
