requested_seed_fraction,method,Method,N,RMSE,MAE,Spearman,runtime_sec
0.01,dmp_inf,DMP-inf,675,0.0064252873374218,0.005420106395615,0.989222443923873,0.0835904669947922
0.01,dmp_est_r2,DMP2,675,0.0080130049316165,0.0062582332900389,0.9894882763373636,0.0381260770373046
0.01,swe_no_cavity,Cavity SWE-NO,675,0.0104588393402793,0.0075285521650992,0.9400771130790166,0.0135428219800814
0.01,dmp_est,DMP,675,0.0107798845744832,0.0086136117277043,0.9888147419931602,0.0158286599908024
0.01,swe_no,SWE-NO,675,0.013813502027224,0.0105545352324437,0.8946714114985135,0.0074225759599357
0.01,swe,SWE,675,0.021933633064434,0.0161450018545698,0.8664313692700613,0.0067106949863955
0.01,swe_hib_cavity,SWE-HIB-C,675,0.0233312026822502,0.0217406547818395,0.9707084021300229,0.0146020930260419
0.01,Naive,NM,675,0.0242198048084343,0.0179106664096645,0.8725979724698232,0.0070379230310209
0.01,additive_swe_cavity,Cavity SWE-add,671,0.0247700775024208,0.0222986026562194,0.9449640621285234,0.0151767969946376
0.01,additive_swe,SWE-add,675,0.0289412815454613,0.0226752944707183,0.8342926142824083,0.0023675509728491
0.01,swe_cavity,Cavity SWE,675,0.0291934484308622,0.0261711866713989,0.9578277236868132,0.0224634039914235
0.01,modified_ALE,IPL,675,0.0689859765203262,0.0564586668666191,0.817674764533196,0.0018792530172504
0.01,ALE_heuristic,ALE,675,0.0985957103067204,0.0781922059041099,0.7755140934652593,0.0017626249464228
0.01,sss,SSS,675,0.10959586184483,0.100829295370398,0.8159812205423455,0.0367881850106641
0.01,SP1M,SP1M,675,0.3003149168296106,0.2903344125705571,0.7263410074469726,0.0207913289777934
0.01,SPM,SPM,675,0.3206608475471245,0.3109363596638264,0.6067918631038463,0.020188566064462
0.05,dmp_est_r2,DMP2,675,0.0021049256475346,0.0016258016850474,0.998921763851502,0.0333889060420915
0.05,dmp_est,DMP,675,0.0021379519096264,0.0016506827013111,0.998755262453496,0.0099213590146973
0.05,dmp_inf,DMP-inf,675,0.0024128238985363,0.001823888466492,0.9987850472322456,0.0828025460941717
0.05,swe_no_cavity,Cavity SWE-NO,675,0.0062357332620919,0.004109269825767,0.996715396391178,0.008128518005833
0.05,swe_no,SWE-NO,675,0.0075200902992766,0.0053048974531724,0.99284256245339,0.0048451350303366
0.05,swe_hib_cavity,SWE-HIB-C,675,0.0086832150661528,0.0079441236626705,0.9980018359802882,0.0136223270092159
0.05,additive_swe_cavity,Cavity SWE-add,675,0.0102202952568763,0.0074563840211505,0.9918027367750034,0.0099898330518044
0.05,swe,SWE,675,0.0111204331388956,0.0082938338414068,0.991165133269124,0.0044389120303094
0.05,Naive,NM,675,0.0114246720346871,0.0083663765388212,0.9908272297263728,0.0044705549953505
0.05,swe_cavity,Cavity SWE,675,0.0138070402959576,0.012500285187649,0.9961373827556286,0.0224144679959863
0.05,additive_swe,SWE-add,675,0.0178629955470179,0.0123771908390266,0.9793036449594386,0.0014287370140664
0.05,sss,SSS,675,0.0439716240773897,0.0409936390427715,0.9846185111908096,0.0262461870443075
0.05,modified_ALE,IPL,675,0.0698543651102232,0.056471241048954,0.933385916270807,0.0010109600843861
0.05,ALE_heuristic,ALE,675,0.1056056716306773,0.0812895826919527,0.9218724893832404,0.0009576579323038
0.05,SP1M,SP1M,675,0.2001532724816657,0.1856815343435049,0.9024886695375414,0.0205444860039278
0.05,SPM,SPM,675,0.260011769603187,0.2441224631245918,0.8260636162051919,0.019911590963602
0.1,dmp_est_r2,DMP2,675,0.0020032589380809,0.0014981169842002,0.9995429424969277,0.0277596219675615
0.1,dmp_est,DMP,675,0.0020203954587471,0.0015132159653762,0.9995080049327042,0.0083833519602194
0.1,dmp_inf,DMP-inf,675,0.0020927857279549,0.001563242724932,0.9995081388773422,0.0819067280390299
0.1,swe_no_cavity,Cavity SWE-NO,675,0.0045434823633517,0.0030882323056086,0.9983298785423472,0.0069416800397448
0.1,swe_no,SWE-NO,675,0.00487024624836,0.0031892668512426,0.9979183223867126,0.0042283129878342
0.1,swe_hib_cavity,SWE-HIB-C,675,0.0051506207546083,0.0040123934457408,0.9991508056082224,0.0108704140875488
0.1,swe,SWE,675,0.0064491173053085,0.004587898767936,0.9974512262949866,0.0034260490210726
0.1,Naive,NM,675,0.0065612085977116,0.0043799615623579,0.9975324691120696,0.0037788440240547
0.1,swe_cavity,Cavity SWE,675,0.0083196543678081,0.0067668535781741,0.99880104221955,0.0222981349797919
0.1,additive_swe_cavity,Cavity SWE-add,675,0.0163347751197296,0.0094283990027542,0.9959027419212818,0.0086228779982775
0.1,additive_swe,SWE-add,675,0.0185010721788422,0.0125435907621507,0.9925980172670638,0.0011408140417188
0.1,sss,SSS,675,0.0227206400561887,0.0205626358475787,0.996961555350567,0.0198007939616218
0.1,modified_ALE,IPL,675,0.0741656936772217,0.0585856617130699,0.9782453782788108,0.0007749029900878
0.1,ALE_heuristic,ALE,675,0.1098357502083883,0.0842146497931957,0.9654920008054332,0.0007290190551429
0.1,SP1M,SP1M,675,0.1355846995256571,0.1204444243536066,0.9445925615780568,0.0203454489819705
0.1,SPM,SPM,675,0.215104968750403,0.1946813812724489,0.8727916581080867,0.0197738370043225
0.2,dmp_est_r2,DMP2,675,0.0018675000651851,0.0013147678816891,0.9997144125420504,0.0232580140000209
0.2,dmp_est,DMP,675,0.0018735786637112,0.0013214045626859,0.9996997071127712,0.0068279450060799
0.2,dmp_inf,DMP-inf,675,0.0018774767849166,0.0013221529386573,0.9996894911754154,0.0392095169518142
0.2,swe_hib_cavity,SWE-HIB-C,675,0.0024092638093304,0.001724911447824,0.9996595480541628,0.0078936489298939
0.2,swe_no_cavity,Cavity SWE-NO,675,0.0031449712964588,0.0021898092757204,0.9992213721649577,0.004799181013368
0.2,swe_no,SWE-NO,675,0.0031967975233921,0.0022305362003671,0.9991531263869928,0.0031355380197055
0.2,swe,SWE,675,0.0037803057616033,0.0026282779092684,0.9992474919473044,0.0028541759820654
0.2,swe_cavity,Cavity SWE,675,0.0038080427956681,0.0028974495433826,0.999534527222442,0.0172288800240494
0.2,Naive,NM,675,0.0043959845375755,0.0031883368029302,0.9992621519465478,0.0031868760706856
0.2,sss,SSS,675,0.0128590060351376,0.010700882225086,0.999096190196337,0.0148827339871786
0.2,additive_swe_cavity,Cavity SWE-add,675,0.0242772467942391,0.0132604230663609,0.9968980889062162,0.0075246579945087
0.2,additive_swe,SWE-add,673,0.0265257492305032,0.0174377052945117,0.9948516083050196,0.0007479769992642
0.2,modified_ALE,IPL,675,0.0649016596565633,0.0460303111476783,0.9896426672616936,0.0005294270231388
0.2,SP1M,SP1M,675,0.0737161392954024,0.0613179132153228,0.9881073054802292,0.0200314408866688
0.2,ALE_heuristic,ALE,675,0.0862620005176851,0.0597275784570312,0.9872271135397446,0.0005080749979242
0.2,SPM,SPM,675,0.1521066665897062,0.1285349081530436,0.9516950353109552,0.0194394289865158
