graph_family,method,Method,N,RMSE,MAE,Spearman,runtime_sec
BarabasiAlbert,dmp_est_r2,DMP2,540,0.00197554344254735,0.0014474598427058499,0.9995794206125699,0.026654896500986
BarabasiAlbert,dmp_est,DMP,540,0.00198416733580725,0.0014517709418648,0.9995754625551987,0.01018808048684145
BarabasiAlbert,dmp_inf,DMP-inf,540,0.00203711258632475,0.00154786865531455,0.9995792709123335,0.0818676555063575
BarabasiAlbert,swe_hib_cavity,SWE-HIB-C,540,0.0043588774756140505,0.0036536799188389,0.9991795415114542,0.01445739748305635
BarabasiAlbert,swe_no_cavity,Cavity SWE-NO,540,0.0048024713229439,0.0035257686573322003,0.9975952431114935,0.008084953995421501
BarabasiAlbert,swe_no,SWE-NO,540,0.00524751284534785,0.0038662076236713,0.9970945490185987,0.0051238984742667006
BarabasiAlbert,swe,SWE,540,0.0072259696520683495,0.00531996992881355,0.9955677480885647,0.004454845970030799
BarabasiAlbert,Naive,NM,540,0.00731466758641435,0.0053324663755984995,0.9961059785330317,0.0039580370066687
BarabasiAlbert,swe_cavity,Cavity SWE,540,0.00854005588811695,0.00738442865635775,0.9987355009016602,0.022520987986354102
BarabasiAlbert,additive_swe_cavity,Cavity SWE-add,539,0.0199793051819583,0.0118515044431313,0.9879044156309964,0.00922033196548
BarabasiAlbert,additive_swe,SWE-add,538,0.02350762806112025,0.015689416100419698,0.9561754591978178,0.0011893859773408
BarabasiAlbert,sss,SSS,540,0.029428513621312102,0.023588677214386698,0.9932816701174776,0.0204427524877246
BarabasiAlbert,modified_ALE,IPL,540,0.06537827990011649,0.04933115252849385,0.9498183524238091,0.0009441955189686
BarabasiAlbert,ALE_heuristic,ALE,540,0.09699008806033765,0.0770592020505218,0.9318735333569654,0.0007988389988895
BarabasiAlbert,SP1M,SP1M,540,0.1351429745522167,0.11745390137472661,0.9176419052255955,0.02009444200666615
BarabasiAlbert,SPM,SPM,540,0.22092656153100282,0.20039969932436769,0.8329593632062243,0.01950413352460595
ErdosRenyi,dmp_est_r2,DMP2,540,0.0020068554812726503,0.00151277129199835,0.9995552477899076,0.02877931800321675
ErdosRenyi,dmp_est,DMP,540,0.00203995088589365,0.0015243016808599,0.9995425807944172,0.01343076201737855
ErdosRenyi,dmp_inf,DMP-inf,540,0.00205350859702715,0.0015334127584338002,0.9995534243767181,0.08327812101924785
ErdosRenyi,swe_no,SWE-NO,540,0.004233671424943301,0.00322187799879395,0.9972665742884902,0.0053380460012703995
ErdosRenyi,swe_no_cavity,Cavity SWE-NO,540,0.00451466722532245,0.00325644899794,0.9979610061476107,0.008479356503812551
ErdosRenyi,swe,SWE,540,0.006382775213683051,0.00483878035129685,0.996523601167832,0.004354995500762
ErdosRenyi,Naive,NM,540,0.00647341198410605,0.0053249212181393,0.9964366777454833,0.0041824665095190495
ErdosRenyi,swe_hib_cavity,SWE-HIB-C,540,0.0067451658428841505,0.0059749519905498,0.9990804261940323,0.01464188451063815
ErdosRenyi,swe_cavity,Cavity SWE,540,0.01116616198285585,0.0102954623947397,0.9984584175458037,0.0226786650018766
ErdosRenyi,additive_swe_cavity,Cavity SWE-add,540,0.01281549888978145,0.0097169074616925,0.9969620833396444,0.0102694749948568
ErdosRenyi,additive_swe,SWE-add,540,0.0157645586375009,0.0114781991474519,0.992761733810033,0.00134399349917655
ErdosRenyi,sss,SSS,540,0.038066771466614496,0.035869807263046546,0.9926336873583068,0.02386114100227125
ErdosRenyi,modified_ALE,IPL,540,0.0568456414265651,0.04323023094746205,0.965939808614203,0.0009629809937905
ErdosRenyi,ALE_heuristic,ALE,540,0.08307413304713915,0.065087917708289,0.952704175950073,0.0009030479995999
ErdosRenyi,SP1M,SP1M,540,0.1550111677083013,0.1374985668873023,0.91675106485097,0.02047691700863645
ErdosRenyi,SPM,SPM,540,0.2278374038313195,0.20419912821253383,0.8349317127815474,0.01979240798391395
HolmeKim,dmp_est_r2,DMP2,540,0.0021708458043686,0.0016383908365543,0.9991342686789277,0.040665535489097196
HolmeKim,dmp_est,DMP,540,0.00239744952573365,0.00180780163256215,0.9988023974163146,0.006973901006858751
HolmeKim,swe_hib_cavity,SWE-HIB-C,540,0.0035487643160400997,0.00291092053655375,0.998679087402288,0.01121478597633535
HolmeKim,dmp_inf,DMP-inf,540,0.0047003730600751,0.0033925854968492,0.9986087011525462,0.0818979754694737
HolmeKim,swe_no_cavity,Cavity SWE-NO,540,0.00529575967306585,0.0035106478234832,0.9967246839755111,0.0067412965581751996
HolmeKim,swe_no,SWE-NO,540,0.0060003693150930005,0.00448062595554115,0.9956543954172249,0.0047340710298158
HolmeKim,swe_cavity,Cavity SWE,540,0.0073025139073737005,0.00601219774681745,0.9981972627607557,0.0224755494273267
HolmeKim,swe,SWE,540,0.0077608446037375,0.0054550909794806,0.9943788709857964,0.00399514404125505
HolmeKim,Naive,NM,540,0.007764629855521701,0.00563607360971395,0.9953586472213984,0.00391780346399165
HolmeKim,additive_swe_cavity,Cavity SWE-add,537,0.0177923058031453,0.011004038039196,0.9757524924399812,0.0090157650411129
HolmeKim,additive_swe,SWE-add,540,0.024342986062394552,0.016319551124988,0.9526476824137248,0.0010106784757225999
HolmeKim,sss,SSS,540,0.03147406885709725,0.0259418562975867,0.9919145814739967,0.02014918398344885
HolmeKim,modified_ALE,IPL,540,0.0678625643716972,0.05167073725116915,0.9413026615160063,0.00094173697289075
HolmeKim,ALE_heuristic,ALE,540,0.10543226075492915,0.0815078904574615,0.9325196370951943,0.00075852649752045
HolmeKim,SP1M,SP1M,540,0.1302750887649669,0.1058739135193594,0.9218255744360249,0.0201545775053091
HolmeKim,SPM,SPM,540,0.22090950855459024,0.2003004706813989,0.8324002017279436,0.0195923345163464
StochasticBlockModel,dmp_est_r2,DMP2,540,0.0020317888776739002,0.00152584376131285,0.9995376956519975,0.02645779203157865
StochasticBlockModel,dmp_est,DMP,540,0.0020511870888899,0.00153300096633045,0.9995181360057991,0.011766883952077398
StochasticBlockModel,dmp_inf,DMP-inf,540,0.0020912286852447,0.0015544546279108499,0.9995243781294636,0.0835199314751662
StochasticBlockModel,swe_no,SWE-NO,540,0.00416901188792155,0.00320813406846835,0.997111827966005,0.0052284384728409
StochasticBlockModel,swe_no_cavity,Cavity SWE-NO,540,0.00434508551706,0.00321959654934445,0.9979650622675683,0.00809116294840345
StochasticBlockModel,Naive,NM,540,0.0064434374245869,0.0049235434142803,0.9964565801990153,0.00439374096458775
StochasticBlockModel,swe,SWE,540,0.00654883700997875,0.0049071167467873,0.9965147143910686,0.0042644045315682
StochasticBlockModel,swe_hib_cavity,SWE-HIB-C,540,0.00666625597750675,0.00595188765580805,0.9990369956006013,0.0147021840093657
StochasticBlockModel,swe_cavity,Cavity SWE,540,0.011205437259537699,0.01042615638729935,0.9985136343764347,0.022705649433191803
StochasticBlockModel,additive_swe_cavity,Cavity SWE-add,540,0.0127283314890641,0.0098069950579185,0.9968988106796108,0.00973383657401425
StochasticBlockModel,additive_swe,SWE-add,540,0.0160859660442583,0.0117465946870812,0.9927935364405168,0.0013412649859673499
StochasticBlockModel,sss,SSS,540,0.03826941292642385,0.03595543867192115,0.992398704732979,0.0241330140270292
StochasticBlockModel,modified_ALE,IPL,540,0.0575750583127489,0.0432356578780956,0.96474583944901,0.0009778675157576
StochasticBlockModel,ALE_heuristic,ALE,540,0.08453007824070005,0.06628366942384614,0.9530898178179441,0.00090477796038605
StochasticBlockModel,SP1M,SP1M,540,0.15503330861240383,0.13806226697505786,0.9150205600998198,0.02058845042483875
StochasticBlockModel,SPM,SPM,540,0.22764545492812555,0.20482201285203325,0.8321220604582129,0.020020745985675548
WattsStrogatz,dmp_est_r2,DMP2,540,0.0109455139961179,0.008890549851345301,0.9971579724256439,0.059155102469958296
WattsStrogatz,swe_no_cavity,Cavity SWE-NO,540,0.01104752692322665,0.00839922548833125,0.9941456797720898,0.00628849945496765
WattsStrogatz,swe_cavity,Cavity SWE,540,0.012121896647070349,0.0084859514327516,0.9951817147787604,0.0081935399794019
WattsStrogatz,swe_hib_cavity,SWE-HIB-C,540,0.01249096266974045,0.009261377638359,0.9958505060299543,0.0047940789954736
WattsStrogatz,swe_no,SWE-NO,540,0.0134149117190748,0.0104714515247991,0.9928584581705144,0.0041167170275002
WattsStrogatz,dmp_est,DMP,540,0.0145033712360753,0.011376107294452601,0.9951676204469557,0.0052959005115553
WattsStrogatz,swe,SWE,540,0.0205889185123151,0.01579601971269165,0.9927421775664352,0.00336940999841315
WattsStrogatz,Naive,NM,540,0.0245367332408616,0.019814573290293798,0.9920870382631382,0.00372253748355425
WattsStrogatz,additive_swe_cavity,Cavity SWE-add,540,0.03262935667238685,0.02436490466158,0.9903654828296398,0.00602326652733605
WattsStrogatz,additive_swe,SWE-add,540,0.0460318089108272,0.03549512228823705,0.983848824881009,0.00127833249280225
WattsStrogatz,dmp_inf,DMP-inf,540,0.06855662222606015,0.05026404696819465,0.9886595735658232,0.0827478729188442
WattsStrogatz,sss,SSS,540,0.106257298217157,0.0942867561563152,0.9707751922345769,0.026395802560728
WattsStrogatz,modified_ALE,IPL,540,0.11089165287692085,0.08445943251225466,0.9649159736726372,0.0009407150209881
WattsStrogatz,SP1M,SP1M,540,0.1309320477641153,0.11847792050913475,0.9630103270074377,0.020899705530609852
WattsStrogatz,ALE_heuristic,ALE,540,0.14765495309630883,0.11456196188281245,0.9539990859707811,0.00073650799458845
WattsStrogatz,SPM,SPM,540,0.22057532816906306,0.19760117948215028,0.9106448629290405,0.02023235900560385
