method,Method,settings,median_T,min_T,max_T,median_layers,min_layers,max_layers,median_calibration_RMSE
ALE_heuristic,ALE,540,4.0,3.0,12.0,,,,0.09808992382332665
Naive,NM,540,6.0,3.0,16.0,,,,0.0094461317404631
SP1M,SP1M,540,,,,,,,0.13946799751646416
SPM,SPM,540,,,,,,,0.2237303930758638
additive_swe,SWE-add,540,5.0,1.0,20.0,,,,0.023267961917876452
additive_swe_cavity,Cavity SWE-add,540,7.0,1.0,20.0,,,,0.019178688416669552
dmp_est,DMP,540,11.0,3.0,20.0,,,,0.00454139175581335
dmp_est_r2,DMP2,540,12.0,3.0,20.0,,,,0.0045082944037564
dmp_inf,DMP-inf,540,,,,,,,0.0046736979729719
modified_ALE,IPL,540,4.0,2.0,11.0,,,,0.06692508147431545
sss,SSS,540,,,,,,,0.039679367446369546
swe,SWE,540,7.0,3.0,20.0,,,,0.00918488408175645
swe_cavity,Cavity SWE,540,20.0,4.0,20.0,,,,0.01131492500783735
swe_hib_cavity,SWE-HIB-C,540,20.0,3.0,20.0,,,,0.0069567221883386
swe_no,SWE-NO,540,6.0,1.0,20.0,1.0,0.0,5.0,0.0070608872080565
swe_no_cavity,Cavity SWE-NO,540,9.0,1.0,20.0,2.0,0.0,5.0,0.0065825848539317
