target_secondary_activation,method,Method,N,RMSE,MAE,Spearman,runtime_sec
0.1,dmp_est_r2,DMP2,900,0.00128323175446725,0.00095199015358695,0.9995732721189907,0.0311948909948114
0.1,dmp_est,DMP,900,0.0012931693114533,0.0009610384868029,0.9995384231307207,0.0077481339103541505
0.1,swe_hib_cavity,SWE-HIB-C,900,0.0013144739054072,0.0009815872984621499,0.9995098333398825,0.00761088498984455
0.1,dmp_inf,DMP-inf,900,0.00131714027218905,0.00097960450873845,0.9995535897505982,0.0391776085598394
0.1,swe_cavity,Cavity SWE,900,0.00136107721455725,0.00101312316756625,0.9995549166921815,0.016162380488822202
0.1,swe_no,SWE-NO,900,0.00223399615764075,0.0016769558599935498,0.9992102457159682,0.0035400459892116
0.1,swe_no_cavity,Cavity SWE-NO,900,0.0022447051918885,0.00161016509716535,0.9993750038889719,0.00651066147838715
0.1,swe,SWE,900,0.00295277677077045,0.002083464885848,0.9991943219463564,0.00289685302413995
0.1,Naive,NM,900,0.0030294582868733502,0.00212973114609375,0.9991756743826627,0.00322198649519115
0.1,additive_swe_cavity,Cavity SWE-add,900,0.0048136101033691495,0.0023024074403058,0.9992803087095036,0.0083656424831133
0.1,additive_swe,SWE-add,900,0.0061488667376311,0.0037774040447425003,0.9981703419318602,0.00097380252555005
0.1,sss,SSS,900,0.00980370732264105,0.0074311853308766,0.9990223854593352,0.0182776564615778
0.1,modified_ALE,IPL,900,0.014245624356223001,0.00975270700736805,0.9926523122288803,0.0007677035173400499
0.1,ALE_heuristic,ALE,900,0.01877819490422315,0.012853562814077998,0.9909257235657574,0.00073537995922375
0.1,SP1M,SP1M,900,0.0226930656892179,0.01897534499255295,0.991092977153414,0.0203963100211694
0.1,SPM,SPM,900,0.045653575824759346,0.0377152331511812,0.9457353770471374,0.01977547997375945
0.35,dmp_est_r2,DMP2,900,0.0021461343433341,0.0016383908365543,0.9992970824237561,0.0328406009939499
0.35,dmp_est,DMP,900,0.0022765542746768,0.0016806717395863998,0.9991900439670592,0.00955795845948155
0.35,dmp_inf,DMP-inf,900,0.00306687581236385,0.0023288545087144,0.9991552514823074,0.08377499954076481
0.35,swe_hib_cavity,SWE-HIB-C,900,0.00826226724798525,0.00717819994731665,0.9987438913137552,0.01450659500551405
0.35,swe_no_cavity,Cavity SWE-NO,900,0.0085564533774477,0.00629804905113655,0.9959559813733179,0.0082004095020238
0.35,swe_no,SWE-NO,900,0.00938765981337145,0.00682804325461705,0.9947826678685661,0.005196887475904
0.35,swe,SWE,900,0.01184053012503625,0.0087789592198903,0.994231466197663,0.0040331384807359
0.35,swe_cavity,Cavity SWE,900,0.01289972903153645,0.010529209009286049,0.9979771484681677,0.0223625504295341
0.35,Naive,NM,900,0.013672529143465149,0.0103818026700679,0.9935412681373612,0.004070389491971501
0.35,additive_swe_cavity,Cavity SWE-add,896,0.0241220236146497,0.01614737566230005,0.9940692025360496,0.009021280973684
0.35,additive_swe,SWE-add,898,0.0300685642152278,0.022199200632492297,0.9864603461512769,0.0013445460062939001
0.35,sss,SSS,900,0.0633036790402236,0.0543821228204299,0.9890146053147117,0.026839229511097
0.35,modified_ALE,IPL,900,0.0735687993742793,0.05652698251663395,0.9656338839357674,0.0009523830376565
0.35,ALE_heuristic,ALE,900,0.10580880776730706,0.07916562649058245,0.9511433683557167,0.000782737013651
0.35,SP1M,SP1M,900,0.1555277656891295,0.14355413815073614,0.9199694666687275,0.020426423987373647
0.35,SPM,SPM,900,0.23013355711784556,0.207853101287736,0.8255491221575326,0.019838675012579153
0.6,dmp_est_r2,DMP2,900,0.002205566420765,0.0016912801509000501,0.9979019974047625,0.032331016031093854
0.6,dmp_est,DMP,900,0.00231698090383985,0.0017295103225140498,0.9974800039008225,0.009637089504394649
0.6,dmp_inf,DMP-inf,900,0.0024476822486001,0.00186391241291835,0.9973813071301088,0.08353413146687666
0.6,swe_no_cavity,Cavity SWE-NO,900,0.011767102009078548,0.008358970231126549,0.9799207984424303,0.0090313500259071
0.6,swe_no,SWE-NO,900,0.01181300559795425,0.0084855544519227,0.9780733400838957,0.00562329002423205
0.6,swe_hib_cavity,SWE-HIB-C,900,0.01711628869538305,0.01449666482107455,0.9941373673487635,0.0144978535245172
0.6,swe,SWE,900,0.01983599281412285,0.01412844758669815,0.9679767994138249,0.0050952850142493
0.6,Naive,NM,900,0.0204350396873106,0.0153633458157795,0.9764571201471572,0.0046643515233881
0.6,swe_cavity,Cavity SWE,900,0.03103903515001745,0.0244619815160454,0.9811472706010199,0.02246284950524565
0.6,additive_swe_cavity,Cavity SWE-add,900,0.044995793738994,0.0309376507538614,0.9454107870891477,0.00898267052252775
0.6,additive_swe,SWE-add,900,0.05057251734685815,0.03811172396477935,0.8984974108464017,0.0013399999879766
0.6,sss,SSS,900,0.05896574612822015,0.05119425440715735,0.9514828255263201,0.02302236549439835
0.6,modified_ALE,IPL,900,0.1350519442861596,0.10450936536364555,0.8943147355512495,0.0009740469977259499
0.6,ALE_heuristic,ALE,900,0.19041542674853412,0.14572732304425384,0.8653698873289898,0.00091413152404125
0.6,SP1M,SP1M,900,0.3076517215487985,0.2811568066273161,0.8124376550498822,0.0204710389953106
0.6,SPM,SPM,900,0.4260716749790447,0.39409190646923853,0.7230569408203664,0.01984597404953085
